multiplier,size_bytes,avg_ns
1,5,2.73115e+09
2,9,2.67789e+09
4,17,2.81996e+09
8,33,2.71663e+09
16,65,2.6205e+09
32,129,1.90595e+09
64,257,6.15577e+08
128,513,6.6129e+08
256,1025,6.35307e+08
512,2049,6.22097e+08
1024,4097,6.25931e+08
2048,8193,6.24877e+08
4096,16385,6.23753e+08
8192,32769,6.36957e+08
16384,65537,6.26256e+08
32768,131073,6.26133e+08
65536,262145,6.18936e+08
131072,524289,7.25275e+08
262144,1048577,7.67397e+08
524288,2097153,9.52912e+08
1048576,4194305,8.15131e+08
