intervallen,tijd_main13_ns,tijd_main14_ns
2,260061,181249
4,131998,118089
8,129761,122715
16,119020,118821
32,117600,115735
64,122204,118939
128,120082,122811
256,124661,131178
512,467911,283742
1024,212186,146529
2048,288884,266484
4096,173652,199589
8192,288645,864661
16384,428919,291746
32768,499486,556684
65536,2.21908e+06,1.08374e+06
131072,2.11339e+06,1.56425e+06
262144,3.76862e+06,3.35089e+06
524288,6.78383e+06,4.54415e+06
1048576,4.92855e+06,1.29095e+07
